{"Tomato_Early_blight": {"precision": 0.9507042253521126, "recall": 0.9310344827586207, "f1-score": 0.9407665505226481, "support": 145.0}, "Tomato_Late_blight": {"precision": 0.9714285714285714, "recall": 0.9577464788732394, "f1-score": 0.9645390070921985, "support": 284.0}, "Tomato_Leaf_Mold": {"precision": 0.9757575757575757, "recall": 0.9698795180722891, "f1-score": 0.972809667673716, "support": 166.0}, "Tomato_healthy": {"precision": 0.9688715953307393, "recall": 1.0, "f1-score": 0.9841897233201581, "support": 249.0}, "accuracy": 0.9680094786729858, "macro avg": {"precision": 0.9666904919672498, "recall": 0.9646651199260373, "f1-score": 0.9655762371521802, "support": 844.0}, "weighted avg": {"precision": 0.9679651798280595, "recall": 0.9680094786729858, "f1-score": 0.9678789973702898, "support": 844.0}}