{"Tomato_Early_blight": {"precision": 0.96875, "recall": 0.8551724137931035, "f1-score": 0.9084249084249084, "support": 145.0}, "Tomato_Late_blight": {"precision": 0.9618055555555556, "recall": 0.9753521126760564, "f1-score": 0.9685314685314685, "support": 284.0}, "Tomato_Leaf_Mold": {"precision": 0.9467455621301775, "recall": 0.963855421686747, "f1-score": 0.9552238805970149, "support": 166.0}, "Tomato_healthy": {"precision": 0.9613899613899614, "recall": 1.0, "f1-score": 0.9803149606299213, "support": 249.0}, "accuracy": 0.9597156398104265, "macro avg": {"precision": 0.9596727697689237, "recall": 0.9485949870389767, "f1-score": 0.9531238045458283, "support": 844.0}, "weighted avg": {"precision": 0.9599139709448904, "recall": 0.9597156398104265, "f1-score": 0.9590641447399332, "support": 844.0}}